{
  "Label": false,
  "Score": -3.53909326,
  "Probability": 0.330081016
}